"Options.SECTION:[cgameworld.FirstPersonCameraContinued","First Person Camera Continued"
"FirstPersonCameraContinued.ToastTextEnter","Appuyez sur Échap pour quitter"
"FirstPersonCameraContinued.ToastTextRandomModeCimEnter","Appuyez sur ENTRER pour suivre un autre citoyen aléatoire"
"FirstPersonCameraContinued.ToastTextRandomModeVehicleEnter","Appuyez sur ENTRER pour suivre un autre véhicule aléatoire"
"FirstPersonCameraContinued.ToastPIPWindow","Appuyez sur P pour activer/désactiver l'image dans l'image"
"FirstPersonCameraContinued.ToastZoom","Appuyez sur Z pour activer/désactiver le zoom"
"FirstPersonCameraContinued.ToastTextZoomActivated","Zoom activé"
"FirstPersonCameraContinued.ToastTextZoomDeactivated","Zoom désactivé"
"FirstPersonCameraContinued.ToastPIPScrollZoom","Défilez pour zoomer/dézoomer"
"FirstPersonCameraContinued.TooltipMainCameraIcon","Cliquez pour sélectionner le mode en première personne"
"FirstPersonCameraContinued.EnterFreeCamera","Entrer en mode caméra libre"
"FirstPersonCameraContinued.FollowRandomCim","Suivre un citoyen aléatoire"
"FirstPersonCameraContinued.FollowRandomVehicle","Suivre un véhicule aléatoire"
"FirstPersonCameraContinued.FollowRandomTransit","Suivre le transit aléatoire"
"FirstPersonCameraContinued.TooltipFollowCamera","Suivre l’entité sélectionnée en mode caméra première personne."
"FirstPersonCameraContinued.NameLabel","Nom"
"FirstPersonCameraContinued.SpeedLabel","Vitesse"
"FirstPersonCameraContinued.AltitudeLabel","Altitude"
"FirstPersonCameraContinued.VehicleTypeLabel","Type de véhicule"
"FirstPersonCameraContinued.ActionLabel","Action"
"FirstPersonCameraContinued.ResourceLabel","Capacité de marchandises"
"FirstPersonCameraContinued.PassengersLabel","Passagers"
"Options.TAB:GeneralSettingsTab","Général"
"Options.TAB:UISettingsTab","Interface utilisateur"
"Options.TAB:PIPSettingsTab","Image dans l’image (PiP)"
"Options.GROUP:CameraSettingsGroup","Caméra"
"Options.GROUP:KeybindingSettingsGroup","Raccourcis clavier"
"Options.GROUP:OtherSettingsGroup","Autres"
"Options.OPTION:FOV","FOV"
"Options.OPTION_DESCRIPTION:FOV","Définir le FOV (champ de vision) en entrant dans le mode première personne"
"Options.OPTION:MovementSpeed","Vitesse de marche"
"Options.OPTION_DESCRIPTION:MovementSpeed","Définir la vitesse de marche en mode libre"
"Options.OPTION:RunSpeed","Vitesse de sprint"
"Options.OPTION_DESCRIPTION:RunSpeed","Définir la vitesse de course en mode libre, maintenez la touche Maj enfoncée pour l'activer"
"Options.OPTION:CimHeight","Hauteur de vue"
"Options.OPTION_DESCRIPTION:CimHeight","Définir la hauteur de vue par défaut en mode libre (ajustable ensuite avec un raccourci clavier)."
"Options.OPTION:TransitionSpeedFactor","Vitesse de transition"
"Options.OPTION_DESCRIPTION:TransitionSpeedFactor","Ajuster la vitesse de transition pour entrer ou quitter le mode première personne"
"Options.OPTION:QuickDropdownSelect","Sélection rapide du menu déroulant"
"Options.OPTION_DESCRIPTION:QuickDropdownSelect","Sélectionnez des éléments dans le menu déroulant de la caméra à l'aide des touches numériques lorsqu'il est ouvert : le premier chiffre choisit un élément du menu et le suivant choisit dans le sous-menu ouvert"
"Options.OPTION:DisableVSync","Désactiver VSync"
"Options.OPTION_DESCRIPTION:DisableVSync","Désactiver temporairement la synchronisation verticale lors du suivi d’une entité avec la fenêtre PiP ouverte."
"Options.OPTION:ResetModSettings","Réinitialiser tous les paramètres"
"Options.OPTION_DESCRIPTION:ResetModSettings","Réinitialise les paramètres du mod"
"Options.WARNING:ResetModSettings","Êtes-vous sûr de vouloir réinitialiser tous les paramètres du mod?"
"Options.OPTION:ModVersion","Version du mod"
"Options.OPTION_DESCRIPTION:ModVersion","Version du mod installé"
"Options.OPTION:MultilineText","Raccourcis clavier en mode première personne :\nWASD – Se déplacer.\nMaj – Marcher plus rapidement.\nR/F – Augmenter/diminuer la hauteur de la caméra.\nFlèches haut/bas – Déplacer la caméra vers l’avant et l’arrière en mode suivi"
"Options.OPTION:FreeModeKeybind","Entrer en mode libre"
"Options.BINDING:EnterFreeModeBinding","Entrer en mode libre"
"Options.OPTION_DESCRIPTION:FreeModeKeybind","Raccourci pour entrer en mode caméra libre première personne."
"Options.GROUP:UISettingsGroup","Général"
"Options.OPTION:ShowGameUI","Afficher l'interface du jeu (UI)"
"Options.OPTION_DESCRIPTION:ShowGameUI","Afficher l'interface du jeu (UI) en mode première personne"
"Options.GROUP:InfoBoxSettingsGroup","Boîte d'information"
"Options.OPTION:ShowInfoBox","Afficher la boîte d'information"
"Options.OPTION_DESCRIPTION:ShowInfoBox","Affiche une boîte d'information avec la vitesse actuelle et d'autres statistiques en mode première personne"
"Options.OPTION:InfoBoxSize","Taille de la boîte d'information"
"Options.OPTION_DESCRIPTION:InfoBoxSize","Affiche la taille de la boîte d'information"
"Options.FirstPersonCameraContinued.FirstPersonCameraContinued.Mod.INFOBOXSIZE[Small]","Petite"
"Options.FirstPersonCameraContinued.FirstPersonCameraContinued.Mod.INFOBOXSIZE[Default]","Par défaut"
"Options.FirstPersonCameraContinued.FirstPersonCameraContinued.Mod.INFOBOXSIZE[Large]","Grande"
"Options.OPTION:ShowSpeed","Section vitesse"
"Options.OPTION_DESCRIPTION:ShowSpeed","Afficher la section de vitesse dans la boîte d’informations."
"Options.OPTION:ShowVehicleType","Section type de véhicule"
"Options.OPTION_DESCRIPTION:ShowVehicleType","Afficher la section du type de véhicule dans la boîte d’informations."
"Options.OPTION:ShowExtraInfo","Sections informations supplémentaires"
"Options.OPTION_DESCRIPTION:ShowExtraInfo","Afficher les sections relatives au nom, à l’action, aux passagers et à la capacité de chargement dans la boîte d’informations."
"Options.OPTION:ShowAltitude","Section altitude"
"Options.OPTION_DESCRIPTION:ShowAltitude","Quand afficher l'altitude au-dessus du sol dans la boîte d'informations : uniquement pour les aéronefs, en plus en mode caméra libre, ou pour toutes les entités suivies"
"Options.FirstPersonCameraContinued.FirstPersonCameraContinued.Mod.SHOWALTITUDE[Disabled]","Désactivé"
"Options.FirstPersonCameraContinued.FirstPersonCameraContinued.Mod.SHOWALTITUDE[Aircraft]","Aéronefs uniquement"
"Options.FirstPersonCameraContinued.FirstPersonCameraContinued.Mod.SHOWALTITUDE[AircraftAndFreeMode]","Aéronefs + caméra libre"
"Options.FirstPersonCameraContinued.FirstPersonCameraContinued.Mod.SHOWALTITUDE[All]","Toutes les entités suivies"
"Options.GROUP:PIPGeneralSettingsGroup","Général"
"Options.OPTION:PIPSnapToCorner","Position"
"Options.OPTION_DESCRIPTION:PIPSnapToCorner","Configurer dans quel coin de l’écran la fenêtre d’image dans l’image s’affiche."
"Options.FirstPersonCameraContinued.FirstPersonCameraContinued.Mod.PIPCORNER[BottomLeft]","En bas à gauche"
"Options.FirstPersonCameraContinued.FirstPersonCameraContinued.Mod.PIPCORNER[BottomRight]","En bas à droite"
"Options.FirstPersonCameraContinued.FirstPersonCameraContinued.Mod.PIPCORNER[TopLeft]","En haut à gauche"
"Options.FirstPersonCameraContinued.FirstPersonCameraContinued.Mod.PIPCORNER[TopRight]","En haut à droite"
"Options.OPTION:PIPAspectRatio","Format d’image"
"Options.OPTION_DESCRIPTION:PIPAspectRatio","Configurer le format d’image de la fenêtre d’image dans l’image."
"Options.OPTION:PIPSize","Taille de la fenêtre"
"Options.OPTION_DESCRIPTION:PIPSize","Configurer la taille de la fenêtre d’image dans l’image."
"Options.OPTION:ShowPIPOnEnter","Afficher à l’entrée"
"Options.OPTION_DESCRIPTION:ShowPIPOnEnter","Cochez cette option pour afficher immédiatement la fenêtre d’image dans l’image lors du passage en mode première personne, sans avoir à l’activer avec la touche P."
"Options.GROUP:PIPFeatureSettingsGroup","Fonctionnalités"
"Options.OPTION:ShowPIPMarker","Afficher le marqueur de suivi"
"Options.OPTION_DESCRIPTION:ShowPIPMarker","Afficher un marqueur de suivi au-dessus d’un citoyen ou d’un véhicule en mode suivi"
"Options.OPTION:ShowPIPUndergroundView","Afficher la vue des tunnels souterrains"
"Options.OPTION_DESCRIPTION:ShowPIPUndergroundView","Cochez cette option pour afficher la vue souterraine lorsqu’un véhicule ou un citoyen se trouve dans un tunnel."
"Options.GROUP:PIPKeybindingSettingsGroup","Raccourcis clavier"
"Options.OPTION:PIPMultilineText","Raccourcis clavier propres à l’image dans l’image :\nMolette de défilement – effectuer un zoom avant/arrière\nCTRL + molette de défilement – augmenter/réduire la taille de la fenêtre d’image dans l’image"
"Options.OPTION:SetUnits","Unités"
"Options.OPTION_DESCRIPTION:SetUnits","Personnaliser les unités utilisées pour la vitesse."
"Options.FirstPersonCameraContinued.FirstPersonCameraContinued.Mod.MODUNITS[GameSetting]","Même unité que le jeu"
"Options.FirstPersonCameraContinued.FirstPersonCameraContinued.Mod.MODUNITS[Metric]","Métrique"
"Options.FirstPersonCameraContinued.FirstPersonCameraContinued.Mod.MODUNITS[USCustomary]","Unités états-uniennes"
"FirstPersonCameraContinued.Bicycle","Vélo"
"FirstPersonCameraContinued.FollowRandomBicycle","Suivre un vélo aléatoire"
"Options.GROUP:StopStripSettingsGroup","Visualiseur de ligne de transport"
"Options.OPTION:ShowStopStrip","Afficher la ligne de transport"
"Options.OPTION_DESCRIPTION:ShowStopStrip","Quand afficher la bande des arrêts de la ligne de transport"
"Options.FirstPersonCameraContinued.FirstPersonCameraContinued.Mod.SHOWSTOPSTRIP[AllTransit]","Tous les transports"
"Options.FirstPersonCameraContinued.FirstPersonCameraContinued.Mod.SHOWSTOPSTRIP[MetroOnly]","Métro uniquement"
"Options.FirstPersonCameraContinued.FirstPersonCameraContinued.Mod.SHOWSTOPSTRIP[Never]","Jamais"
"Options.OPTION:StopStripDisplayMode","Mode d’affichage"
"Options.OPTION_DESCRIPTION:StopStripDisplayMode","Mode d’affichage du visualiseur de ligne de transport"
"Options.FirstPersonCameraContinued.FirstPersonCameraContinued.Mod.STOPSTRIPDISPLAYMODE[AutoHide]","Afficher aux stations"
"Options.FirstPersonCameraContinued.FirstPersonCameraContinued.Mod.STOPSTRIPDISPLAYMODE[AlwaysShow]","Toujours afficher"
"Options.OPTION:UseVanillaStopNames","Utiliser les noms d'arrêt d'origine"
"Options.OPTION_DESCRIPTION:UseVanillaStopNames","Lorsqu'aucun nom défini par l'utilisateur n'est trouvé, utiliser les noms d'arrêt générés par le jeu à partir de l'adresse (si disponibles) au lieu des noms générés par le mod"
"FirstPersonCameraContinued.StopStripBuildingStopFormat","{STREET} {BUILDING}"
"FirstPersonCameraContinued.StopStripStationFormat","Station {TYPE}"
"FirstPersonCameraContinued.FollowRandom","Suivi aléatoire"
"FirstPersonCameraContinued.FollowRandom.Citizen","Citoyen"
"FirstPersonCameraContinued.FollowRandom.Vehicle","Véhicule"
"FirstPersonCameraContinued.FollowRandom.Transit","Transports"
"FirstPersonCameraContinued.FollowRandom.Custom","Personnalisé"
"FirstPersonCameraContinued.RandomFollow.CityServices","Services municipaux"
"FirstPersonCameraContinued.RandomFollow.PrivateTransport","Transport privé"
"FirstPersonCameraContinued.RandomFollow.Creatures","Créatures"
"FirstPersonCameraContinued.NoEntitiesFoundFor","Aucune entité trouvée pour"
"FirstPersonCameraContinued.NothingCheckedError","Veuillez sélectionner au moins une option"
"FirstPersonCameraContinued.RandomFollow.Helicopter","Hélicoptère"
"FirstPersonCameraContinued.RandomFollow.SelectAll","Tout sélectionner"
"FirstPersonCameraContinued.RandomFollow.DeselectAll","Tout désélectionner"
"FirstPersonCameraContinued.RandomFollow.Start","Démarrer"
