"Options.SECTION:[cgameworld.FirstPersonCameraContinued","Fotocamera in Prima Persona Continuazione"
"FirstPersonCameraContinued.ToastTextEnter","Premere il tasto ESC per uscire"
"FirstPersonCameraContinued.ToastTextRandomModeCimEnter","Premi INVIO per seguire un altro Cim a caso"
"FirstPersonCameraContinued.ToastTextRandomModeVehicleEnter","Premi INVIO per seguire un altro veicolo a caso"
"FirstPersonCameraContinued.ToastPIPWindow","Premi P per attivare/disattivare la finestra picture-in-picture"
"FirstPersonCameraContinued.ToastZoom","Premi Z per attivare/disattivare lo zoom"
"FirstPersonCameraContinued.ToastTextZoomActivated","Zoom Attivato"
"FirstPersonCameraContinued.ToastTextZoomDeactivated","Zoom Disattivato"
"FirstPersonCameraContinued.ToastPIPScrollZoom","Scorri per Ingrandire/Diminuire"
"FirstPersonCameraContinued.TooltipMainCameraIcon","Fare clic per selezionare una modalità in prima persona"
"FirstPersonCameraContinued.EnterFreeCamera","Inizia la Modalità Fotocamera Libera"
"FirstPersonCameraContinued.FollowRandomCim","Segui un Cim a Caso"
"FirstPersonCameraContinued.FollowRandomVehicle","Segui un Veicolo a Caso"
"FirstPersonCameraContinued.FollowRandomTransit","Segui un Mezzo di Trasporto a Caso"
"FirstPersonCameraContinued.TooltipFollowCamera","Seguire l'elemento selezionato in modalità fotocamera in prima persona."
"FirstPersonCameraContinued.NameLabel","Nome"
"FirstPersonCameraContinued.SpeedLabel","Velocità"
"FirstPersonCameraContinued.VehicleTypeLabel","Tipo di Veicolo"
"FirstPersonCameraContinued.ActionLabel","Azione"
"FirstPersonCameraContinued.ResourceLabel","Capacità di Carico"
"FirstPersonCameraContinued.PassengersLabel","Passeggeri"
"Options.TAB:GeneralSettingsTab","Generale"
"Options.TAB:UISettingsTab","Interfaccia"
"Options.TAB:PIPSettingsTab","Picture-in-Picture"
"Options.GROUP:CameraSettingsGroup","Fotocamera"
"Options.GROUP:KeybindingSettingsGroup","Tasti Rapidi"
"Options.GROUP:OtherSettingsGroup","Altro"
"Options.OPTION:FOV","FOV (campo visivo)"
"Options.OPTION_DESCRIPTION:FOV","Imposta il FOV della fotocamera quando si entra in modalità Prima Persona"
"Options.OPTION:MovementSpeed","Velocità di Camminata"
"Options.OPTION_DESCRIPTION:MovementSpeed","Imposta la velocità quando in modalità libera"
"Options.OPTION:RunSpeed","Velocità di Corsa"
"Options.OPTION_DESCRIPTION:RunSpeed","Imposta la velocità di corsa in modalità libera, tieni premuto SHIFT per attivare"
"Options.OPTION:CimHeight","Altezza dei Cim"
"Options.OPTION_DESCRIPTION:CimHeight","Imposta l'altezza predefinita dei cim in modalità libera"
"Options.OPTION:TransitionSpeedFactor","Fattore della Velocità di Transizione"
"Options.OPTION_DESCRIPTION:TransitionSpeedFactor","Regola la velocità della transizione in entrata/uscita"
"Options.OPTION:DisableVSync","Disabilita il VSync"
"Options.OPTION_DESCRIPTION:DisableVSync","Disabilita temporaneamente il VSync mentre segui un'entità con la finestra PiP aperta"
"Options.OPTION:ResetModSettings","Ripristina Tutte le Impostazioni"
"Options.OPTION_DESCRIPTION:ResetModSettings","Ripristina le impostazioni della Mod ai Valori Predefiniti"
"Options.WARNING:ResetModSettings","Confermi di voler ripristinare tutte le impostazioni?"
"Options.OPTION:ModVersion","Versione della Mod"
"Options.OPTION_DESCRIPTION:ModVersion","Versione installata della mod"
"Options.OPTION:MultilineText","Scorciatoie da tastiera in Prima Persona:\nWASD - muoversi\nSHIFT - camminare più velocemente\nR/F - aumentare/diminuire l'altezza della fotocamera\nFRECCIA SU/GIÙ - sposta la fotocamera avanti/indietro in modalità follow"
"Options.OPTION:FreeModeKeybind","Entra In Modalità Libera"
"Options.BINDING:EnterFreeModeBinding","Entra In Modalità Libera"
"Options.OPTION_DESCRIPTION:FreeModeKeybind","Scorciatoia da tastiera per entrare in modalità fotocamera libera in prima persona"
"Options.GROUP:UISettingsGroup","Generale"
"Options.OPTION:ShowGameUI","Mostra l'Interfaccia di gioco"
"Options.OPTION_DESCRIPTION:ShowGameUI","Mostra l'interfaccia durante la modalità in prima persona"
"Options.GROUP:InfoBoxSettingsGroup","Casella delle Informazioni"
"Options.OPTION:ShowInfoBox","Mostra la Casella delle Informazioni"
"Options.OPTION_DESCRIPTION:ShowInfoBox","Mostra la casella delle informazioni con la velocità corrente e altre statistiche durante la modalità in prima persona"
"Options.OPTION:InfoBoxSize","Dimensione della Casella delle Informazioni"
"Options.OPTION_DESCRIPTION:InfoBoxSize","Dimensione di visualizzazione della casella informazioni"
"Options.FirstPersonCameraContinued.FirstPersonCameraContinued.Mod.INFOBOXSIZE[Small]","Piccola"
"Options.FirstPersonCameraContinued.FirstPersonCameraContinued.Mod.INFOBOXSIZE[Default]","Predefinito"
"Options.FirstPersonCameraContinued.FirstPersonCameraContinued.Mod.INFOBOXSIZE[Large]","Grande"
"Options.OPTION:ShowSpeed","Velocità"
"Options.OPTION_DESCRIPTION:ShowSpeed","Mostra la velocità nella casella informazioni"
"Options.OPTION:ShowVehicleType","Tipo Di Veicolo"
"Options.OPTION_DESCRIPTION:ShowVehicleType","Mostra il tipo di veicolo nella casella informazioni"
"Options.OPTION:ShowExtraInfo","Informazioni Extra"
"Options.OPTION_DESCRIPTION:ShowExtraInfo","Mostra le sezioni nome, azione, passeggeri e capacità di carico nella casella informazioni"
"Options.GROUP:PIPGeneralSettingsGroup","Generale"
"Options.OPTION:PIPSnapToCorner","Posizione"
"Options.OPTION_DESCRIPTION:PIPSnapToCorner","Imposta a quale angolo dello schermo mettere la finestra picture-in-picture "
"Options.FirstPersonCameraContinued.FirstPersonCameraContinued.Mod.PIPCORNER[BottomLeft]","In Basso a Sinistra"
"Options.FirstPersonCameraContinued.FirstPersonCameraContinued.Mod.PIPCORNER[BottomRight]","In Basso a Destra"
"Options.FirstPersonCameraContinued.FirstPersonCameraContinued.Mod.PIPCORNER[TopLeft]","In Alto a Sinistra"
"Options.FirstPersonCameraContinued.FirstPersonCameraContinued.Mod.PIPCORNER[TopRight]","In Alto a Destra"
"Options.OPTION:PIPAspectRatio","Proporzione"
"Options.OPTION_DESCRIPTION:PIPAspectRatio","Imposta la proporzione della finestra picture-in-picture"
"Options.OPTION:PIPSize","Dimensione della Finestra"
"Options.OPTION_DESCRIPTION:PIPSize","Imposta la dimensione della finestra picture-in-picture"
"Options.OPTION:ShowPIPOnEnter","Mostra all'attivazione"
"Options.OPTION_DESCRIPTION:ShowPIPOnEnter","Spunta per mostrare immediatamente la finestra picture-in-picture quando si entra in modalità prima persona senza dover attivarla con il tasto P"
"Options.GROUP:PIPFeatureSettingsGroup","Funzioni"
"Options.OPTION:ShowPIPMarker","Mostra i Segnaposto"
"Options.OPTION_DESCRIPTION:ShowPIPMarker","Mostra un Segnaposto su un cim/veicolo quando lo segui"
"Options.OPTION:ShowPIPUndergroundView","Mostra un Overlay per i Tunnel Sotterranei"
"Options.OPTION_DESCRIPTION:ShowPIPUndergroundView","Spunta per visualizzare la vista del tunnel sotterraneo mentre un veicolo / cim è in un tunnel"
"Options.GROUP:PIPKeybindingSettingsGroup","Tasti Rapidi"
"Options.OPTION:PIPMultilineText","Tasti rapidi specifici per Picture-in-Picture:\nRotella del Mouse - ingrandire/diminuire\nCTRL + Rotella del Mouse - incrementa/diminuisci Dimensione finestra PiP"
"Options.OPTION:SetUnits","Unità di misura"
"Options.OPTION_DESCRIPTION:SetUnits","Personalizza l'unità di misura per la velocità"
"Options.FirstPersonCameraContinued.FirstPersonCameraContinued.Mod.MODUNITS[GameSetting]","Gioco"
"Options.FirstPersonCameraContinued.FirstPersonCameraContinued.Mod.MODUNITS[Metric]","Sistema metrico"
"Options.FirstPersonCameraContinued.FirstPersonCameraContinued.Mod.MODUNITS[USCustomary]","Sistema imperiale"
"FirstPersonCameraContinued.Bicycle","Bicicletta"
"FirstPersonCameraContinued.FollowRandomBicycle","Segui una Bicicletta a Caso"
"Options.GROUP:StopStripSettingsGroup","Visualizzatore della Linea di Transito"
"Options.OPTION:ShowStopStrip","Mostra la Linea di Transito"
"Options.OPTION_DESCRIPTION:ShowStopStrip","Quando mostrare la Linea di Transito"
"Options.FirstPersonCameraContinued.FirstPersonCameraContinued.Mod.SHOWSTOPSTRIP[AllTransit]","Tutti i Mezzi"
"Options.FirstPersonCameraContinued.FirstPersonCameraContinued.Mod.SHOWSTOPSTRIP[MetroOnly]","Solo Metropolitana"
"Options.FirstPersonCameraContinued.FirstPersonCameraContinued.Mod.SHOWSTOPSTRIP[Never]","Mai"
"Options.OPTION:StopStripDisplayMode","Modalità di Visualizzazione"
"Options.OPTION_DESCRIPTION:StopStripDisplayMode","Come viene mostrato il visualizzatore della linea di transito"
"Options.FirstPersonCameraContinued.FirstPersonCameraContinued.Mod.STOPSTRIPDISPLAYMODE[AutoHide]","Mostra Alle Stazioni"
"Options.FirstPersonCameraContinued.FirstPersonCameraContinued.Mod.STOPSTRIPDISPLAYMODE[AlwaysShow]","Mostra Sempre"
