"Options.SECTION:[cgameworld.FirstPersonCameraContinued","一人称カメラ 続き  "
"FirstPersonCameraContinued.ToastTextEnter","ESCキーを押して終了する"
"FirstPersonCameraContinued.ToastTextRandomModeCimEnter","Enterキーを押して別のランダムな市民を追跡する"
"FirstPersonCameraContinued.ToastTextRandomModeVehicleEnter","Enterキーを押して別のランダムな車両を追跡する"
"FirstPersonCameraContinued.ToastPIPWindow","Pキーを押してピクチャーインピクチャーウィンドウを切り替える"
"FirstPersonCameraContinued.ToastZoom","Zキーを押してズームを切り替える"
"FirstPersonCameraContinued.ToastTextZoomActivated","ズーム有効"
"FirstPersonCameraContinued.ToastTextZoomDeactivated","ズーム無効"
"FirstPersonCameraContinued.ToastPIPScrollZoom","スクロールでズームイン/アウト"
"FirstPersonCameraContinued.TooltipMainCameraIcon","クリックして一人称モードを選択する"
"FirstPersonCameraContinued.EnterFreeCamera","フリーカメラモードに入る"
"FirstPersonCameraContinued.FollowRandomCim","ランダムな市民を追跡"
"FirstPersonCameraContinued.FollowRandomVehicle","ランダムな車両を追跡する"
"FirstPersonCameraContinued.FollowRandomTransit","ランダムな交通機関車両を追跡"
"FirstPersonCameraContinued.TooltipFollowCamera","一人称カメラモードで選択した項目を追う。"
"FirstPersonCameraContinued.NameLabel","名前"
"FirstPersonCameraContinued.SpeedLabel","速度"
"FirstPersonCameraContinued.AltitudeLabel","高度"
"FirstPersonCameraContinued.VehicleTypeLabel","車両タイプ"
"FirstPersonCameraContinued.ActionLabel","行動"
"FirstPersonCameraContinued.ResourceLabel","貨物容量"
"FirstPersonCameraContinued.PassengersLabel","乗客"
"Options.TAB:GeneralSettingsTab","一般"
"Options.TAB:UISettingsTab","UI"
"Options.TAB:PIPSettingsTab","Picture-in-Picture"
"Options.GROUP:CameraSettingsGroup","カメラ"
"Options.GROUP:KeybindingSettingsGroup","キーバインド"
"Options.GROUP:OtherSettingsGroup","その他"
"Options.OPTION:FOV","視野 (FOV)"
"Options.OPTION_DESCRIPTION:FOV","一人称モードに入るときのカメラのFOVを設定する"
"Options.OPTION:MovementSpeed","歩行速度"
"Options.OPTION_DESCRIPTION:MovementSpeed","フリーモード時の歩行速度を設定する"
"Options.OPTION:RunSpeed","走行速度"
"Options.OPTION_DESCRIPTION:RunSpeed","フリーモード時の走行速度を設定します。SHIFTを押したままランニングモードを起動します。"
"Options.OPTION:CimHeight","市民の身長"
"Options.OPTION_DESCRIPTION:CimHeight","フリーモードでの市民のデフォルトの身長 (視点の高さ) を設定する"
"Options.OPTION:TransitionSpeedFactor","移行速度係数"
"Options.OPTION_DESCRIPTION:TransitionSpeedFactor","一人称移行/解除時のアニメーション速度を調整する"
"Options.OPTION:QuickDropdownSelect","ドロップダウンメニューのクイック選択"
"Options.OPTION_DESCRIPTION:QuickDropdownSelect","カメラのドロップダウンメニューが開いている間に数字キーで項目を選択します。最初の数字でメニュー項目を選び、次の数字で開いたサブメニュー内を選びます"
"Options.OPTION:DisableVSync","垂直同期を無効化"
"Options.OPTION_DESCRIPTION:DisableVSync","PiPウィンドウを開いた状態でエンティティを追跡している間、一時的に垂直同期を無効にする"
"Options.OPTION:ResetModSettings","すべての設定をリセットする"
"Options.OPTION_DESCRIPTION:ResetModSettings","MOD設定をデフォルト値にリセットする"
"Options.WARNING:ResetModSettings","本当にすべてのMOD設定をリセットしたいのですか？"
"Options.OPTION:ModVersion","Modバージョン"
"Options.OPTION_DESCRIPTION:ModVersion","インストールされているMODのバージョン"
"Options.OPTION:MultilineText","一人称モードでのキーボードショートカット：\nWASD - 移動する\nSHIFT - 速く歩く\nR/F -カメラの高さを上げる/下げる\nUP/DOWN ARROW - 追跡モードでカメラを前方/後方に移動させる"
"Options.OPTION:FreeModeKeybind","フリーモードに入る"
"Options.BINDING:EnterFreeModeBinding","フリーモードに入る"
"Options.OPTION_DESCRIPTION:FreeModeKeybind","一人称フリーモードに入るためのキーボードショートカット"
"Options.GROUP:UISettingsGroup","一般"
"Options.OPTION:ShowGameUI","ゲームUIを表示"
"Options.OPTION_DESCRIPTION:ShowGameUI","一人称モード中にゲームUIを表示する"
"Options.GROUP:InfoBoxSettingsGroup","情報ボックス"
"Options.OPTION:ShowInfoBox","情報ボックスを表示"
"Options.OPTION_DESCRIPTION:ShowInfoBox","一人称モード時に現在の速度や統計情報についての情報ボックスを表示する"
"Options.OPTION:InfoBoxSize","情報ボックスサイズ"
"Options.OPTION_DESCRIPTION:InfoBoxSize","情報ボックスの表示サイズ"
"Options.FirstPersonCameraContinued.FirstPersonCameraContinued.Mod.INFOBOXSIZE[Small]","小"
"Options.FirstPersonCameraContinued.FirstPersonCameraContinued.Mod.INFOBOXSIZE[Default]","標準"
"Options.FirstPersonCameraContinued.FirstPersonCameraContinued.Mod.INFOBOXSIZE[Large]","大"
"Options.OPTION:ShowSpeed","速度セクション"
"Options.OPTION_DESCRIPTION:ShowSpeed","情報ボックスに速度セクションを表示する"
"Options.OPTION:ShowVehicleType","車両タイプセクション"
"Options.OPTION_DESCRIPTION:ShowVehicleType","情報ボックスに車両タイプセクションを表示する"
"Options.OPTION:ShowExtraInfo","追加情報セクション"
"Options.OPTION_DESCRIPTION:ShowExtraInfo","情報ボックスに名前、行動、乗客、貨物容量のセクションを表示する"
"Options.OPTION:ShowAltitude","高度セクション"
"Options.OPTION_DESCRIPTION:ShowAltitude","情報ボックスに地上からの高度をいつ表示するか：航空機のみ、加えてフリーカメラモード、またはすべての追跡対象"
"Options.FirstPersonCameraContinued.FirstPersonCameraContinued.Mod.SHOWALTITUDE[Disabled]","無効"
"Options.FirstPersonCameraContinued.FirstPersonCameraContinued.Mod.SHOWALTITUDE[Aircraft]","航空機のみ"
"Options.FirstPersonCameraContinued.FirstPersonCameraContinued.Mod.SHOWALTITUDE[AircraftAndFreeMode]","航空機 + フリーカメラ"
"Options.FirstPersonCameraContinued.FirstPersonCameraContinued.Mod.SHOWALTITUDE[All]","すべての追跡対象"
"Options.GROUP:PIPGeneralSettingsGroup","一般"
"Options.OPTION:PIPSnapToCorner","位置"
"Options.OPTION_DESCRIPTION:PIPSnapToCorner","ピクチャーインピクチャーウィンドウを画面のどの隅に吸着させるかを設定する"
"Options.FirstPersonCameraContinued.FirstPersonCameraContinued.Mod.PIPCORNER[BottomLeft]","左下"
"Options.FirstPersonCameraContinued.FirstPersonCameraContinued.Mod.PIPCORNER[BottomRight]","右下"
"Options.FirstPersonCameraContinued.FirstPersonCameraContinued.Mod.PIPCORNER[TopLeft]","左上"
"Options.FirstPersonCameraContinued.FirstPersonCameraContinued.Mod.PIPCORNER[TopRight]","右上"
"Options.OPTION:PIPAspectRatio","アスペクト比"
"Options.OPTION_DESCRIPTION:PIPAspectRatio","ピクチャーインピクチャーウィンドウのアスペクト比を設定する"
"Options.OPTION:PIPSize","ウィンドウサイズ"
"Options.OPTION_DESCRIPTION:PIPSize","ピクチャーインピクチャーウィンドウのサイズを設定する"
"Options.OPTION:ShowPIPOnEnter","開始時に表示"
"Options.OPTION_DESCRIPTION:ShowPIPOnEnter","一人称モードに入ったときに、Pキーで有効化しなくても、すぐにピクチャーインピクチャーウィンドウを表示するにはチェックを入れる"
"Options.GROUP:PIPFeatureSettingsGroup","機能"
"Options.OPTION:ShowPIPMarker","追跡マーカーを表示"
"Options.OPTION_DESCRIPTION:ShowPIPMarker","追跡モード中に市民/車両の上に追跡マーカーを表示する"
"Options.OPTION:ShowPIPUndergroundView","地下トンネルオーバーレイを表示"
"Options.OPTION_DESCRIPTION:ShowPIPUndergroundView","車両/市民がトンネル内にいる間、地下トンネルビューを表示するにはチェックを入れる"
"Options.GROUP:PIPKeybindingSettingsGroup","キーバインド"
"Options.OPTION:PIPMultilineText","ピクチャーインピクチャー専用のキーボードショートカット：\nスクロールホイール - ビューをズームイン/アウト\nCTRL + スクロールホイール - PiPウィンドウのサイズを拡大/縮小"
"Options.OPTION:SetUnits","単位"
"Options.OPTION_DESCRIPTION:SetUnits","速度に表示される単位をカスタマイズする"
"Options.FirstPersonCameraContinued.FirstPersonCameraContinued.Mod.MODUNITS[GameSetting]","ゲームに従う"
"Options.FirstPersonCameraContinued.FirstPersonCameraContinued.Mod.MODUNITS[Metric]","メートル法"
"Options.FirstPersonCameraContinued.FirstPersonCameraContinued.Mod.MODUNITS[USCustomary]","ヤード・ポンド法"
"FirstPersonCameraContinued.Bicycle","自転車"
"FirstPersonCameraContinued.FollowRandomBicycle","ランダムな自転車を追跡する"
"Options.GROUP:StopStripSettingsGroup","路線ビジュアライザー"
"Options.OPTION:ShowStopStrip","路線を表示"
"Options.OPTION_DESCRIPTION:ShowStopStrip","路線の停留所ストリップをいつ表示するか"
"Options.FirstPersonCameraContinued.FirstPersonCameraContinued.Mod.SHOWSTOPSTRIP[AllTransit]","すべての交通機関"
"Options.FirstPersonCameraContinued.FirstPersonCameraContinued.Mod.SHOWSTOPSTRIP[MetroOnly]","地下鉄のみ"
"Options.FirstPersonCameraContinued.FirstPersonCameraContinued.Mod.SHOWSTOPSTRIP[Never]","表示しない"
"Options.OPTION:StopStripDisplayMode","表示モード"
"Options.OPTION_DESCRIPTION:StopStripDisplayMode","路線ビジュアライザーの表示方法"
"Options.FirstPersonCameraContinued.FirstPersonCameraContinued.Mod.STOPSTRIPDISPLAYMODE[AutoHide]","駅で表示"
"Options.FirstPersonCameraContinued.FirstPersonCameraContinued.Mod.STOPSTRIPDISPLAYMODE[AlwaysShow]","常に表示"
"Options.OPTION:UseVanillaStopNames","バニラの停留所名を使用"
"Options.OPTION_DESCRIPTION:UseVanillaStopNames","ユーザー定義の名前が見つからない場合、Modが生成した名前の代わりに、ゲームが住所に基づいて生成した停留所名（利用可能な場合）を使用する"
"FirstPersonCameraContinued.StopStripBuildingStopFormat","{STREET} {BUILDING}"
"FirstPersonCameraContinued.StopStripStationFormat","{TYPE}駅"
"FirstPersonCameraContinued.FollowRandom","ランダムに追跡"
"FirstPersonCameraContinued.FollowRandom.Citizen","市民"
"FirstPersonCameraContinued.FollowRandom.Vehicle","車両"
"FirstPersonCameraContinued.FollowRandom.Transit","交通機関"
"FirstPersonCameraContinued.FollowRandom.Custom","カスタム"
"FirstPersonCameraContinued.RandomFollow.CityServices","都市サービス"
"FirstPersonCameraContinued.RandomFollow.PrivateTransport","自家用交通"
"FirstPersonCameraContinued.RandomFollow.Creatures","生き物"
"FirstPersonCameraContinued.NoEntitiesFoundFor","該当する対象が見つかりません"
"FirstPersonCameraContinued.NothingCheckedError","少なくとも1つのオプションを選択してください"
"FirstPersonCameraContinued.RandomFollow.Helicopter","ヘリコプター"
"FirstPersonCameraContinued.RandomFollow.SelectAll","すべて選択"
"FirstPersonCameraContinued.RandomFollow.DeselectAll","すべて選択解除"
"FirstPersonCameraContinued.RandomFollow.Start","開始"
