"Options.SECTION:[cgameworld.FirstPersonCameraContinued","First Person Camera Continued 모드"
"FirstPersonCameraContinued.ToastTextEnter","ESC를 눌러서 종료"
"FirstPersonCameraContinued.ToastTextRandomModeCimEnter","ENTER를 눌러 다른 무작위 시민 추적"
"FirstPersonCameraContinued.ToastTextRandomModeVehicleEnter","ENTER를 눌러 다른 무작위 차량 추적"
"FirstPersonCameraContinued.ToastPIPWindow","P를 눌러 화면 속 화면 창 전환"
"FirstPersonCameraContinued.ToastZoom","Z를 눌러 줌 전환"
"FirstPersonCameraContinued.ToastTextZoomActivated","줌 활성화"
"FirstPersonCameraContinued.ToastTextZoomDeactivated","줌 비활성화"
"FirstPersonCameraContinued.ToastPIPScrollZoom","스크롤하여 확대/축소"
"FirstPersonCameraContinued.TooltipMainCameraIcon","클릭하여 1인칭 모드 선택"
"FirstPersonCameraContinued.EnterFreeCamera","자유 카메라 진입"
"FirstPersonCameraContinued.FollowRandomCim","무작위 시민 추적"
"FirstPersonCameraContinued.FollowRandomVehicle","무작위 차량 추적"
"FirstPersonCameraContinued.FollowRandomTransit","무작위 대중교통 추적"
"FirstPersonCameraContinued.TooltipFollowCamera","1인칭 카메라 모드로 선택된 아이템을 추적"
"FirstPersonCameraContinued.NameLabel","이름"
"FirstPersonCameraContinued.SpeedLabel","속도"
"FirstPersonCameraContinued.AltitudeLabel","고도"
"FirstPersonCameraContinued.VehicleTypeLabel","차량 유형"
"FirstPersonCameraContinued.ActionLabel","작업"
"FirstPersonCameraContinued.ResourceLabel","화물 용량"
"FirstPersonCameraContinued.PassengersLabel","승객"
"Options.TAB:GeneralSettingsTab","일반"
"Options.TAB:UISettingsTab","UI"
"Options.TAB:PIPSettingsTab","화면 속 화면"
"Options.GROUP:CameraSettingsGroup","카메라"
"Options.GROUP:KeybindingSettingsGroup","키 설정"
"Options.GROUP:OtherSettingsGroup","기타"
"Options.OPTION:FOV","FOV"
"Options.OPTION_DESCRIPTION:FOV","1인칭 모드로 들어갈 때 카메라 FOV를 설정합니다."
"Options.OPTION:MovementSpeed","걸음 속도"
"Options.OPTION_DESCRIPTION:MovementSpeed","자유 모드에서 걸음 속도를 설정합니다."
"Options.OPTION:RunSpeed","달리기 속도"
"Options.OPTION_DESCRIPTION:RunSpeed","자유 모드에서 달리기 속도를 설정합니다, SHIFT를 눌러 달릴 수 있습니다."
"Options.OPTION:CimHeight","시민 높이"
"Options.OPTION_DESCRIPTION:CimHeight","자유 모드에서 시민의 기본 키를 설정합니다."
"Options.OPTION:TransitionSpeedFactor","전환 속도 인자"
"Options.OPTION_DESCRIPTION:TransitionSpeedFactor","모드에 들어갈 때/나올 때 전환 속도를 조정합니다."
"Options.OPTION:QuickDropdownSelect","드롭다운 메뉴 빠른 선택"
"Options.OPTION_DESCRIPTION:QuickDropdownSelect","카메라 드롭다운 메뉴가 열려 있는 동안 숫자 키로 항목을 선택합니다. 첫 번째 숫자는 메뉴 항목을 선택하고 다음 숫자는 열린 하위 메뉴 안에서 선택합니다."
"Options.OPTION:DisableVSync","VSync 끄기"
"Options.OPTION_DESCRIPTION:DisableVSync","PiP 창이 열린 상태에서 개체를 추적하는 동안 VSync를 일시적으로 끕니다."
"Options.OPTION:ResetModSettings","모든 설정 초기화"
"Options.OPTION_DESCRIPTION:ResetModSettings","모드 설정을 기본 값으로 초기화합니다."
"Options.WARNING:ResetModSettings","모드 설정을 모두 초기화하시겠습니까?"
"Options.OPTION:ModVersion","모드 버전"
"Options.OPTION_DESCRIPTION:ModVersion","설치된 모드 버전"
"Options.OPTION:MultilineText","1인칭 모드일 때 단축키:\nWASD - 걸어서 움직이기\nSHIFT - 달리기\nR/F - 카메라 높이기/낮추기\n위/아래 화살표 - 추적 모드에서 카메라를 앞으로/뒤로 움직이기"
"Options.OPTION:FreeModeKeybind","자유 모드 진입"
"Options.BINDING:EnterFreeModeBinding","자유 모드 진입"
"Options.OPTION_DESCRIPTION:FreeModeKeybind","자유 1인칭 카메라 모드에 진입하기 위한 단축키"
"Options.GROUP:UISettingsGroup","일반"
"Options.OPTION:ShowGameUI","게임 UI 보기"
"Options.OPTION_DESCRIPTION:ShowGameUI","1인칭 모드일 때 게임 UI 보기"
"Options.GROUP:InfoBoxSettingsGroup","정보 상자"
"Options.OPTION:ShowInfoBox","정보 상자 표시"
"Options.OPTION_DESCRIPTION:ShowInfoBox","1인칭 모드에서 현재 속도와 기타 정보를 담은 정보 상자를 표시합니다."
"Options.OPTION:InfoBoxSize","정보 상자 크기"
"Options.OPTION_DESCRIPTION:InfoBoxSize","정보 상자의 표시 크기"
"Options.FirstPersonCameraContinued.FirstPersonCameraContinued.Mod.INFOBOXSIZE[Small]","작게"
"Options.FirstPersonCameraContinued.FirstPersonCameraContinued.Mod.INFOBOXSIZE[Default]","기본"
"Options.FirstPersonCameraContinued.FirstPersonCameraContinued.Mod.INFOBOXSIZE[Large]","크게"
"Options.OPTION:ShowSpeed","속도 항목"
"Options.OPTION_DESCRIPTION:ShowSpeed","정보 상자에 속도 항목을 표시합니다."
"Options.OPTION:ShowVehicleType","차량 유형 항목"
"Options.OPTION_DESCRIPTION:ShowVehicleType","정보 상자에 차량 유형 항목을 표시합니다."
"Options.OPTION:ShowExtraInfo","추가 정보 항목"
"Options.OPTION_DESCRIPTION:ShowExtraInfo","정보 상자에 이름, 작업, 승객, 화물 용량 항목을 표시합니다."
"Options.OPTION:ShowAltitude","고도 항목"
"Options.OPTION_DESCRIPTION:ShowAltitude","정보 상자에 지면 위 고도를 언제 표시할지: 항공기만, 추가로 자유 카메라 모드에서, 또는 추적 중인 모든 개체에 대해"
"Options.FirstPersonCameraContinued.FirstPersonCameraContinued.Mod.SHOWALTITUDE[Disabled]","사용 안 함"
"Options.FirstPersonCameraContinued.FirstPersonCameraContinued.Mod.SHOWALTITUDE[Aircraft]","항공기만"
"Options.FirstPersonCameraContinued.FirstPersonCameraContinued.Mod.SHOWALTITUDE[AircraftAndFreeMode]","항공기 + 자유 카메라"
"Options.FirstPersonCameraContinued.FirstPersonCameraContinued.Mod.SHOWALTITUDE[All]","추적 중인 모든 개체"
"Options.GROUP:PIPGeneralSettingsGroup","일반"
"Options.OPTION:PIPSnapToCorner","위치"
"Options.OPTION_DESCRIPTION:PIPSnapToCorner","화면 속 화면 창을 화면의 어느 모서리에 붙일지 설정합니다."
"Options.FirstPersonCameraContinued.FirstPersonCameraContinued.Mod.PIPCORNER[BottomLeft]","좌측 하단"
"Options.FirstPersonCameraContinued.FirstPersonCameraContinued.Mod.PIPCORNER[BottomRight]","우측 하단"
"Options.FirstPersonCameraContinued.FirstPersonCameraContinued.Mod.PIPCORNER[TopLeft]","좌측 상단"
"Options.FirstPersonCameraContinued.FirstPersonCameraContinued.Mod.PIPCORNER[TopRight]","우측 상단"
"Options.OPTION:PIPAspectRatio","종횡비"
"Options.OPTION_DESCRIPTION:PIPAspectRatio","화면 속 화면 창의 종횡비를 설정합니다."
"Options.OPTION:PIPSize","창 크기"
"Options.OPTION_DESCRIPTION:PIPSize","화면 속 화면 창의 크기를 설정합니다."
"Options.OPTION:ShowPIPOnEnter","진입 시 표시"
"Options.OPTION_DESCRIPTION:ShowPIPOnEnter","P 키로 활성화하지 않고도 1인칭 모드에 진입할 때 화면 속 화면 창을 즉시 표시하려면 선택하세요."
"Options.GROUP:PIPFeatureSettingsGroup","기능"
"Options.OPTION:ShowPIPMarker","추적 표시 보이기"
"Options.OPTION_DESCRIPTION:ShowPIPMarker","추적 모드에서 시민/차량 위에 추적 표시를 보여줍니다."
"Options.OPTION:ShowPIPUndergroundView","지하 터널 오버레이 표시"
"Options.OPTION_DESCRIPTION:ShowPIPUndergroundView","차량/시민이 터널 안에 있을 때 지하 터널 화면을 표시하려면 선택하세요."
"Options.GROUP:PIPKeybindingSettingsGroup","키 설정"
"Options.OPTION:PIPMultilineText","화면 속 화면 전용 키보드 단축키:\n스크롤 휠 - 화면 확대/축소\nCTRL + 스크롤 휠 - PiP 창 크기 확대/축소"
"Options.OPTION:SetUnits","단위"
"Options.OPTION_DESCRIPTION:SetUnits","속도에 표시되는 단위를 사용자 지정합니다."
"Options.FirstPersonCameraContinued.FirstPersonCameraContinued.Mod.MODUNITS[GameSetting]","게임 설정 사용"
"Options.FirstPersonCameraContinued.FirstPersonCameraContinued.Mod.MODUNITS[Metric]","미터법"
"Options.FirstPersonCameraContinued.FirstPersonCameraContinued.Mod.MODUNITS[USCustomary]","미국 단위계"
"FirstPersonCameraContinued.Bicycle","자전거"
"FirstPersonCameraContinued.FollowRandomBicycle","무작위 자전거 추적"
"Options.GROUP:StopStripSettingsGroup","노선 시각화 도구"
"Options.OPTION:ShowStopStrip","노선 표시"
"Options.OPTION_DESCRIPTION:ShowStopStrip","노선 정류장 표시줄을 언제 표시할지"
"Options.FirstPersonCameraContinued.FirstPersonCameraContinued.Mod.SHOWSTOPSTRIP[AllTransit]","모든 대중교통"
"Options.FirstPersonCameraContinued.FirstPersonCameraContinued.Mod.SHOWSTOPSTRIP[MetroOnly]","지하철만"
"Options.FirstPersonCameraContinued.FirstPersonCameraContinued.Mod.SHOWSTOPSTRIP[Never]","표시 안 함"
"Options.OPTION:StopStripDisplayMode","표시 모드"
"Options.OPTION_DESCRIPTION:StopStripDisplayMode","노선 시각화 도구를 표시하는 방식"
"Options.FirstPersonCameraContinued.FirstPersonCameraContinued.Mod.STOPSTRIPDISPLAYMODE[AutoHide]","정류장에서 표시"
"Options.FirstPersonCameraContinued.FirstPersonCameraContinued.Mod.STOPSTRIPDISPLAYMODE[AlwaysShow]","항상 표시"
"Options.OPTION:UseVanillaStopNames","기본 정류장 이름 사용"
"Options.OPTION_DESCRIPTION:UseVanillaStopNames","사용자 지정 이름을 찾을 수 없을 때, 모드가 생성한 이름 대신 게임이 주소를 기반으로 생성한 정류장 이름(사용 가능한 경우)을 사용합니다."
"FirstPersonCameraContinued.StopStripStationFormat","{TYPE} 역"
"FirstPersonCameraContinued.FollowRandom","무작위 추적"
"FirstPersonCameraContinued.FollowRandom.Citizen","시민"
"FirstPersonCameraContinued.FollowRandom.Vehicle","차량"
"FirstPersonCameraContinued.FollowRandom.Transit","대중교통"
"FirstPersonCameraContinued.FollowRandom.Custom","사용자 지정"
"FirstPersonCameraContinued.RandomFollow.CityServices","도시 서비스"
"FirstPersonCameraContinued.RandomFollow.PrivateTransport","개인 교통"
"FirstPersonCameraContinued.RandomFollow.Creatures","생물"
"FirstPersonCameraContinued.NoEntitiesFoundFor","다음에 대한 개체를 찾을 수 없음"
"FirstPersonCameraContinued.NothingCheckedError","옵션을 하나 이상 선택하세요"
"FirstPersonCameraContinued.RandomFollow.Helicopter","헬리콥터"
"FirstPersonCameraContinued.RandomFollow.SelectAll","모두 선택"
"FirstPersonCameraContinued.RandomFollow.DeselectAll","모두 선택 해제"
"FirstPersonCameraContinued.RandomFollow.Start","시작"
