"Options.SECTION:[cgameworld.FirstPersonCameraContinued","Câmara em Primeira Pessoa (Continuação)"
"FirstPersonCameraContinued.ToastTextEnter","Pressione ESC para sair"
"FirstPersonCameraContinued.ToastTextRandomModeCimEnter","Pressiona ENTER para seguir outro cim aleatório"
"FirstPersonCameraContinued.ToastTextRandomModeVehicleEnter","Pressiona ENTER para seguir outro veículo aleatório"
"FirstPersonCameraContinued.ToastPIPWindow","Pressione P para alternar a janela picture-in-picture"
"FirstPersonCameraContinued.ToastZoom","Pressione Z para alternar o zoom"
"FirstPersonCameraContinued.ToastTextZoomActivated","Zoom ativado"
"FirstPersonCameraContinued.ToastTextZoomDeactivated","Zoom desativado"
"FirstPersonCameraContinued.ToastPIPScrollZoom","Role para aumentar/diminuir o zoom"
"FirstPersonCameraContinued.TooltipMainCameraIcon","Clica para selecionar o modo de primeira pessoa"
"FirstPersonCameraContinued.EnterFreeCamera","Entra na câmara livre"
"FirstPersonCameraContinued.FollowRandomCim","Segue um cim aleatório"
"FirstPersonCameraContinued.FollowRandomVehicle","Segue um veículo aleatório"
"FirstPersonCameraContinued.FollowRandomTransit","Seguir trânsito aleatório "
"FirstPersonCameraContinued.TooltipFollowCamera","Siga o item selecionado em modo de câmera em primeira pessoa."
"FirstPersonCameraContinued.NameLabel","Nome"
"FirstPersonCameraContinued.SpeedLabel","Velocidade"
"FirstPersonCameraContinued.AltitudeLabel","Altitude"
"FirstPersonCameraContinued.VehicleTypeLabel","Tipo de veículo "
"FirstPersonCameraContinued.ActionLabel","Ação"
"FirstPersonCameraContinued.ResourceLabel","Capacidade"
"FirstPersonCameraContinued.PassengersLabel","Passageiros"
"Options.TAB:GeneralSettingsTab","Geral"
"Options.TAB:UISettingsTab","Interface do utilizador"
"Options.TAB:PIPSettingsTab","Picture-in-Picture"
"Options.GROUP:CameraSettingsGroup","Câmara"
"Options.GROUP:KeybindingSettingsGroup","Atalhos de teclas"
"Options.GROUP:OtherSettingsGroup","Outros"
"Options.OPTION:FOV","Campo de visão"
"Options.OPTION_DESCRIPTION:FOV","Defina o campo de visão da câmera ao entrar no Modo de Primeira Pessoa"
"Options.OPTION:MovementSpeed","Velocidade de Caminhada"
"Options.OPTION_DESCRIPTION:MovementSpeed","Defina a velocidade de caminhada durante o modo livre"
"Options.OPTION:RunSpeed","Velocidade de Corrida"
"Options.OPTION_DESCRIPTION:RunSpeed","Defina a velocidade de corrida durante o modo livre, mantenha premida a tecla SHIFT para ativar"
"Options.OPTION:CimHeight","Altura do Cim"
"Options.OPTION_DESCRIPTION:CimHeight","Defina a altura padrão do cim no modo livre"
"Options.OPTION:TransitionSpeedFactor","Fator de Velocidade de Transição"
"Options.OPTION_DESCRIPTION:TransitionSpeedFactor","Ajuste a velocidade da transição de entrada/saída"
"Options.OPTION:QuickDropdownSelect","Seleção rápida do menu suspenso"
"Options.OPTION_DESCRIPTION:QuickDropdownSelect","Selecione itens no menu suspenso da câmera com as teclas numéricas enquanto ele estiver aberto; o primeiro número escolhe um item do menu e o próximo escolhe dentro do submenu aberto"
"Options.OPTION:DisableVSync","Desativar VSync"
"Options.OPTION_DESCRIPTION:DisableVSync","Desativar temporariamente o VSync ao seguir uma entidade com a janela PiP aberta"
"Options.OPTION:ResetModSettings","Remover Todas as Configurações"
"Options.OPTION_DESCRIPTION:ResetModSettings","Remover as Configurações e voltar para os Valores Padrão"
"Options.WARNING:ResetModSettings","Tem certeza que deseja remover todas as configurações do mod?"
"Options.OPTION:ModVersion","Versão do mod"
"Options.OPTION_DESCRIPTION:ModVersion","Versão do mod instalada"
"Options.OPTION:MultilineText","Atalhos de Teclado no Modo de Primeira Pessoa:\nWASD - movimentar\nSHIFT - andar mais rápido\nR/F - aumentar/diminuir altura da câmara\nSETA PARA CIMA/BAIXO - posicionar câmara para frente/trás no modo seguir"
"Options.OPTION:FreeModeKeybind","Modo Livre"
"Options.BINDING:EnterFreeModeBinding","Modo Livre"
"Options.OPTION_DESCRIPTION:FreeModeKeybind","Atalho para entrar no modo de câmara livre em primeira pessoa"
"Options.GROUP:UISettingsGroup","Geral"
"Options.OPTION:ShowGameUI","Mostrar interface do jogo"
"Options.OPTION_DESCRIPTION:ShowGameUI","Mostrar a interface do jogo no modo de primeira pessoa"
"Options.GROUP:InfoBoxSettingsGroup","Caixa de informações"
"Options.OPTION:ShowInfoBox","Mostrar caixa de informações"
"Options.OPTION_DESCRIPTION:ShowInfoBox","Mostrar caixa de informações com a velocidade atual e outras estatísticas enquanto estiver no modo de primeira pessoa"
"Options.OPTION:InfoBoxSize","Tamanho da caixa de informações"
"Options.OPTION_DESCRIPTION:InfoBoxSize","Exibir tamanho da caixa de informações"
"Options.FirstPersonCameraContinued.FirstPersonCameraContinued.Mod.INFOBOXSIZE[Small]","Pequeno"
"Options.FirstPersonCameraContinued.FirstPersonCameraContinued.Mod.INFOBOXSIZE[Default]","Padrão"
"Options.FirstPersonCameraContinued.FirstPersonCameraContinued.Mod.INFOBOXSIZE[Large]","Grande"
"Options.OPTION:ShowSpeed","Seção de velocidade"
"Options.OPTION_DESCRIPTION:ShowSpeed","Mostrar a seção de velocidade na caixa de informações"
"Options.OPTION:ShowVehicleType","Seção de tipo de veículo"
"Options.OPTION_DESCRIPTION:ShowVehicleType","Mostrar a seção de tipo de veículo na caixa de informações"
"Options.OPTION:ShowExtraInfo","Seções de informações extras"
"Options.OPTION_DESCRIPTION:ShowExtraInfo","Mostrar as seções de nome, ação, passageiros e capacidade de carga na caixa de informações"
"Options.OPTION:ShowAltitude","Seção de altitude"
"Options.OPTION_DESCRIPTION:ShowAltitude","Quando mostrar a altitude acima do solo na caixa de informações: apenas para aeronaves, adicionalmente no modo de câmera livre, ou para todas as entidades seguidas"
"Options.FirstPersonCameraContinued.FirstPersonCameraContinued.Mod.SHOWALTITUDE[Disabled]","Desativado"
"Options.FirstPersonCameraContinued.FirstPersonCameraContinued.Mod.SHOWALTITUDE[Aircraft]","Apenas aeronaves"
"Options.FirstPersonCameraContinued.FirstPersonCameraContinued.Mod.SHOWALTITUDE[AircraftAndFreeMode]","Aeronaves + câmera livre"
"Options.FirstPersonCameraContinued.FirstPersonCameraContinued.Mod.SHOWALTITUDE[All]","Todas as entidades seguidas"
"Options.GROUP:PIPGeneralSettingsGroup","Geral"
"Options.OPTION:PIPSnapToCorner","Localização"
"Options.OPTION_DESCRIPTION:PIPSnapToCorner","Configurar em qual canto da tela encaixar a janela picture-in-picture"
"Options.FirstPersonCameraContinued.FirstPersonCameraContinued.Mod.PIPCORNER[BottomLeft]","Inferior esquerdo"
"Options.FirstPersonCameraContinued.FirstPersonCameraContinued.Mod.PIPCORNER[BottomRight]","Inferior direito"
"Options.FirstPersonCameraContinued.FirstPersonCameraContinued.Mod.PIPCORNER[TopLeft]","Superior esquerdo"
"Options.FirstPersonCameraContinued.FirstPersonCameraContinued.Mod.PIPCORNER[TopRight]","Superior direito"
"Options.OPTION:PIPAspectRatio","Proporção"
"Options.OPTION_DESCRIPTION:PIPAspectRatio","Configurar a proporção da janela picture-in-picture"
"Options.OPTION:PIPSize","Tamanho da janela"
"Options.OPTION_DESCRIPTION:PIPSize","Configurar o tamanho da janela picture-in-picture"
"Options.OPTION:ShowPIPOnEnter","Mostrar ao entrar"
"Options.OPTION_DESCRIPTION:ShowPIPOnEnter","Marque para mostrar a janela picture-in-picture imediatamente ao entrar no modo de primeira pessoa, sem precisar ativá-la com a tecla P"
"Options.GROUP:PIPFeatureSettingsGroup","Recursos"
"Options.OPTION:ShowPIPMarker","Mostrar marcador de seguimento"
"Options.OPTION_DESCRIPTION:ShowPIPMarker","Mostrar um marcador de seguimento acima de um cim/veículo no modo seguir"
"Options.OPTION:ShowPIPUndergroundView","Mostrar sobreposição de túnel subterrâneo"
"Options.OPTION_DESCRIPTION:ShowPIPUndergroundView","Marque para mostrar a visão do túnel subterrâneo enquanto um veículo/cim estiver em um túnel"
"Options.GROUP:PIPKeybindingSettingsGroup","Atalhos de teclas"
"Options.OPTION:PIPMultilineText","Atalhos de teclado específicos do picture-in-picture:\nRoda de rolagem - ampliar/reduzir a visão\nCTRL + Roda de rolagem - aumentar/diminuir o tamanho da janela PiP"
"Options.OPTION:SetUnits","Unidades"
"Options.OPTION_DESCRIPTION:SetUnits","Personalizar as unidades exibidas para a velocidade"
"Options.FirstPersonCameraContinued.FirstPersonCameraContinued.Mod.MODUNITS[GameSetting]","Do jogo"
"Options.FirstPersonCameraContinued.FirstPersonCameraContinued.Mod.MODUNITS[Metric]","Métrico"
"Options.FirstPersonCameraContinued.FirstPersonCameraContinued.Mod.MODUNITS[USCustomary]","Padrão dos EUA"
"FirstPersonCameraContinued.Bicycle","Bicicleta"
"FirstPersonCameraContinued.FollowRandomBicycle","Segue uma bicicleta aleatória"
"Options.GROUP:StopStripSettingsGroup","Visualizador de linha de transporte"
"Options.OPTION:ShowStopStrip","Mostrar linha de transporte"
"Options.OPTION_DESCRIPTION:ShowStopStrip","Quando mostrar a barra de paradas da linha de transporte"
"Options.FirstPersonCameraContinued.FirstPersonCameraContinued.Mod.SHOWSTOPSTRIP[AllTransit]","Todo o transporte"
"Options.FirstPersonCameraContinued.FirstPersonCameraContinued.Mod.SHOWSTOPSTRIP[MetroOnly]","Apenas metrô"
"Options.FirstPersonCameraContinued.FirstPersonCameraContinued.Mod.SHOWSTOPSTRIP[Never]","Nunca"
"Options.OPTION:StopStripDisplayMode","Modo de exibição"
"Options.OPTION_DESCRIPTION:StopStripDisplayMode","Como o visualizador de linha de transporte é exibido"
"Options.FirstPersonCameraContinued.FirstPersonCameraContinued.Mod.STOPSTRIPDISPLAYMODE[AutoHide]","Mostrar nas estações"
"Options.FirstPersonCameraContinued.FirstPersonCameraContinued.Mod.STOPSTRIPDISPLAYMODE[AlwaysShow]","Sempre mostrar"
"Options.OPTION:UseVanillaStopNames","Usar nomes de parada originais"
"Options.OPTION_DESCRIPTION:UseVanillaStopNames","Quando não houver nomes definidos pelo usuário, usar os nomes de parada gerados pelo jogo com base no endereço (quando disponíveis) em vez dos nomes gerados pelo mod"
"FirstPersonCameraContinued.StopStripBuildingStopFormat","{STREET} {BUILDING}"
"FirstPersonCameraContinued.StopStripStationFormat","Estação {TYPE}"
"FirstPersonCameraContinued.FollowRandom","Seguir aleatório"
"FirstPersonCameraContinued.FollowRandom.Citizen","Cim"
"FirstPersonCameraContinued.FollowRandom.Vehicle","Veículo"
"FirstPersonCameraContinued.FollowRandom.Transit","Transporte público"
"FirstPersonCameraContinued.FollowRandom.Custom","Personalizado"
"FirstPersonCameraContinued.RandomFollow.CityServices","Serviços da cidade"
"FirstPersonCameraContinued.RandomFollow.PrivateTransport","Transporte privado"
"FirstPersonCameraContinued.RandomFollow.Creatures","Criaturas"
"FirstPersonCameraContinued.NoEntitiesFoundFor","Nenhuma entidade encontrada para"
"FirstPersonCameraContinued.NothingCheckedError","Selecione pelo menos uma opção"
"FirstPersonCameraContinued.RandomFollow.Helicopter","Helicóptero"
"FirstPersonCameraContinued.RandomFollow.SelectAll","Selecionar tudo"
"FirstPersonCameraContinued.RandomFollow.DeselectAll","Desmarcar tudo"
"FirstPersonCameraContinued.RandomFollow.Start","Iniciar"
