"Options.SECTION:[cgameworld.FirstPersonCameraContinued","First Person Camera (Continued)"
"FirstPersonCameraContinued.ToastTextEnter","Pressiona ESC para sair"
"FirstPersonCameraContinued.ToastTextRandomModeCimEnter","Pressiona ENTER para seguir outro cidadão aleatório"
"FirstPersonCameraContinued.ToastTextRandomModeVehicleEnter","Pressiona ENTER para seguir outro veículo aleatório"
"FirstPersonCameraContinued.ToastPIPWindow","Pressiona P para alternar a janela picture-in-picture"
"FirstPersonCameraContinued.ToastZoom","Pressiona Z para alternar o zoom"
"FirstPersonCameraContinued.ToastTextZoomActivated","Zoom ativado"
"FirstPersonCameraContinued.ToastTextZoomDeactivated","Zoom desativado"
"FirstPersonCameraContinued.ToastPIPScrollZoom","Desliza para aumentar/diminuir o zoom"
"FirstPersonCameraContinued.TooltipMainCameraIcon","Clica para selecionar o modo de primeira pessoa"
"FirstPersonCameraContinued.EnterFreeCamera","Entra na câmara livre"
"FirstPersonCameraContinued.FollowRandomCim","Segue um cidadão aleatório"
"FirstPersonCameraContinued.FollowRandomVehicle","Segue um veículo aleatório"
"FirstPersonCameraContinued.FollowRandomTransit","Seguir trânsito aleatório "
"FirstPersonCameraContinued.TooltipFollowCamera","Segue o item selecionado em modo de câmara em primeira pessoa."
"FirstPersonCameraContinued.NameLabel","Nome"
"FirstPersonCameraContinued.SpeedLabel","Velocidade"
"FirstPersonCameraContinued.AltitudeLabel","Altitude"
"FirstPersonCameraContinued.VehicleTypeLabel","Tipo de veículo "
"FirstPersonCameraContinued.ActionLabel","Ação"
"FirstPersonCameraContinued.ResourceLabel","Capacidade"
"FirstPersonCameraContinued.PassengersLabel","Passageiros"
"Options.TAB:GeneralSettingsTab","Geral"
"Options.TAB:UISettingsTab","Interface do utilizador"
"Options.TAB:PIPSettingsTab","Picture-in-Picture"
"Options.GROUP:CameraSettingsGroup","Câmara"
"Options.GROUP:KeybindingSettingsGroup","Atalhos de teclas"
"Options.GROUP:OtherSettingsGroup","Outros"
"Options.OPTION:FOV","Campo de visão"
"Options.OPTION_DESCRIPTION:FOV","Define o campo de visão da câmara ao entrar no modo de primeira pessoa"
"Options.OPTION:MovementSpeed","Velocidade de caminhada"
"Options.OPTION_DESCRIPTION:MovementSpeed","Define a velocidade de caminhada durante o modo livre"
"Options.OPTION:RunSpeed","Velocidade de corrida"
"Options.OPTION_DESCRIPTION:RunSpeed","Define a velocidade de corrida durante o modo livre"
"Options.OPTION:CimHeight","Altura do cidadão"
"Options.OPTION_DESCRIPTION:CimHeight","Define a altura padrão do cidadão no modo livre"
"Options.OPTION:TransitionSpeedFactor","Fator de velocidade de transição"
"Options.OPTION_DESCRIPTION:TransitionSpeedFactor","Ajusta a velocidade da transição de entrada/saída"
"Options.OPTION:QuickDropdownSelect","Seleção rápida do menu suspenso"
"Options.OPTION_DESCRIPTION:QuickDropdownSelect","Seleciona itens no menu suspenso da câmara com as teclas numéricas enquanto estiver aberto; o primeiro número escolhe um item do menu e o seguinte escolhe dentro do submenu aberto"
"Options.OPTION:DisableVSync","Desativar VSync"
"Options.OPTION_DESCRIPTION:DisableVSync","Desativar temporariamente o VSync ao seguir uma entidade com a janela PiP aberta"
"Options.OPTION:ResetModSettings","Remover todas as definições"
"Options.OPTION_DESCRIPTION:ResetModSettings","Remove as definições e volta para os valores padrão"
"Options.WARNING:ResetModSettings","Tens a certeza que queres remover todas as definições do mod?"
"Options.OPTION:ModVersion","Versão do mod"
"Options.OPTION_DESCRIPTION:ModVersion","Versão do mod instalada"
"Options.OPTION:MultilineText","Atalhos de Teclado no Modo de Primeira Pessoa:\nWASD - movimentar\nSHIFT - andar mais rápido\nR/F - aumentar/diminuir altura da câmara\nSETA PARA CIMA/BAIXO - posicionar câmara para frente/trás no modo seguir"
"Options.OPTION:FreeModeKeybind","Modo Livre"
"Options.BINDING:EnterFreeModeBinding","Modo Livre"
"Options.OPTION_DESCRIPTION:FreeModeKeybind","Atalho para entrar no modo de câmara livre em primeira pessoa"
"Options.GROUP:UISettingsGroup","Geral"
"Options.OPTION:ShowGameUI","Mostrar interface do jogo"
"Options.OPTION_DESCRIPTION:ShowGameUI","Mostrar a interface do jogo no modo de primeira pessoa"
"Options.GROUP:InfoBoxSettingsGroup","Caixa de informações"
"Options.OPTION:ShowInfoBox","Mostrar caixa de informações"
"Options.OPTION_DESCRIPTION:ShowInfoBox","Mostrar caixa de informações com a velocidade atual e outras estatísticas enquanto estiver no modo de primeira pessoa"
"Options.OPTION:InfoBoxSize","Tamanho da caixa de informações"
"Options.OPTION_DESCRIPTION:InfoBoxSize","Exibir tamanho da caixa de informações"
"Options.FirstPersonCameraContinued.FirstPersonCameraContinued.Mod.INFOBOXSIZE[Small]","Pequeno"
"Options.FirstPersonCameraContinued.FirstPersonCameraContinued.Mod.INFOBOXSIZE[Default]","Padrão"
"Options.FirstPersonCameraContinued.FirstPersonCameraContinued.Mod.INFOBOXSIZE[Large]","Grande"
"Options.OPTION:ShowSpeed","Secção de velocidade"
"Options.OPTION_DESCRIPTION:ShowSpeed","Mostrar a secção de velocidade na caixa de informações"
"Options.OPTION:ShowVehicleType","Secção de tipo de veículo"
"Options.OPTION_DESCRIPTION:ShowVehicleType","Mostrar a secção de tipo de veículo na caixa de informações"
"Options.OPTION:ShowExtraInfo","Secções de informações extra"
"Options.OPTION_DESCRIPTION:ShowExtraInfo","Mostrar as secções de nome, ação, passageiros e capacidade de carga na caixa de informações"
"Options.OPTION:ShowAltitude","Secção de altitude"
"Options.OPTION_DESCRIPTION:ShowAltitude","Quando mostrar a altitude acima do solo na caixa de informações: apenas para aeronaves, adicionalmente no modo de câmara livre, ou para todas as entidades seguidas"
"Options.FirstPersonCameraContinued.FirstPersonCameraContinued.Mod.SHOWALTITUDE[Disabled]","Desativado"
"Options.FirstPersonCameraContinued.FirstPersonCameraContinued.Mod.SHOWALTITUDE[Aircraft]","Apenas aeronaves"
"Options.FirstPersonCameraContinued.FirstPersonCameraContinued.Mod.SHOWALTITUDE[AircraftAndFreeMode]","Aeronaves + câmara livre"
"Options.FirstPersonCameraContinued.FirstPersonCameraContinued.Mod.SHOWALTITUDE[All]","Todas as entidades seguidas"
"Options.GROUP:PIPGeneralSettingsGroup","Geral"
"Options.OPTION:PIPSnapToCorner","Localização"
"Options.OPTION_DESCRIPTION:PIPSnapToCorner","Configurar em que canto do ecrã encaixar a janela picture-in-picture"
"Options.FirstPersonCameraContinued.FirstPersonCameraContinued.Mod.PIPCORNER[BottomLeft]","Inferior esquerdo"
"Options.FirstPersonCameraContinued.FirstPersonCameraContinued.Mod.PIPCORNER[BottomRight]","Inferior direito"
"Options.FirstPersonCameraContinued.FirstPersonCameraContinued.Mod.PIPCORNER[TopLeft]","Superior esquerdo"
"Options.FirstPersonCameraContinued.FirstPersonCameraContinued.Mod.PIPCORNER[TopRight]","Superior direito"
"Options.OPTION:PIPAspectRatio","Proporção"
"Options.OPTION_DESCRIPTION:PIPAspectRatio","Configurar a proporção da janela picture-in-picture"
"Options.OPTION:PIPSize","Tamanho da janela"
"Options.OPTION_DESCRIPTION:PIPSize","Configurar o tamanho da janela picture-in-picture"
"Options.OPTION:ShowPIPOnEnter","Mostrar ao entrar"
"Options.OPTION_DESCRIPTION:ShowPIPOnEnter","Marca para mostrar a janela picture-in-picture imediatamente ao entrar no modo de primeira pessoa, sem precisares de a ativar com a tecla P"
"Options.GROUP:PIPFeatureSettingsGroup","Funcionalidades"
"Options.OPTION:ShowPIPMarker","Mostrar marcador de seguimento"
"Options.OPTION_DESCRIPTION:ShowPIPMarker","Mostrar um marcador de seguimento por cima de um cidadão/veículo no modo seguir"
"Options.OPTION:ShowPIPUndergroundView","Mostrar sobreposição de túnel subterrâneo"
"Options.OPTION_DESCRIPTION:ShowPIPUndergroundView","Marca para mostrar a vista do túnel subterrâneo enquanto um veículo/cidadão estiver num túnel"
"Options.GROUP:PIPKeybindingSettingsGroup","Atalhos de teclas"
"Options.OPTION:PIPMultilineText","Atalhos de teclado específicos do picture-in-picture:\nRoda do rato - ampliar/reduzir a vista\nCTRL + Roda do rato - aumentar/diminuir o tamanho da janela PiP"
"Options.OPTION:SetUnits","Unidades"
"Options.OPTION_DESCRIPTION:SetUnits","Personaliza as unidades exibidas para a velocidade"
"Options.FirstPersonCameraContinued.FirstPersonCameraContinued.Mod.MODUNITS[GameSetting]","Do jogo"
"Options.FirstPersonCameraContinued.FirstPersonCameraContinued.Mod.MODUNITS[Metric]","Métrico"
"Options.FirstPersonCameraContinued.FirstPersonCameraContinued.Mod.MODUNITS[USCustomary]","Padrão EUA"
"FirstPersonCameraContinued.Bicycle","Bicicleta"
"FirstPersonCameraContinued.FollowRandomBicycle","Segue uma bicicleta aleatória"
"Options.GROUP:StopStripSettingsGroup","Visualizador de linha de transporte"
"Options.OPTION:ShowStopStrip","Mostrar linha de transporte"
"Options.OPTION_DESCRIPTION:ShowStopStrip","Quando mostrar a barra de paragens da linha de transporte"
"Options.FirstPersonCameraContinued.FirstPersonCameraContinued.Mod.SHOWSTOPSTRIP[AllTransit]","Todo o transporte"
"Options.FirstPersonCameraContinued.FirstPersonCameraContinued.Mod.SHOWSTOPSTRIP[MetroOnly]","Apenas metro"
"Options.FirstPersonCameraContinued.FirstPersonCameraContinued.Mod.SHOWSTOPSTRIP[Never]","Nunca"
"Options.OPTION:StopStripDisplayMode","Modo de exibição"
"Options.OPTION_DESCRIPTION:StopStripDisplayMode","Como o visualizador de linha de transporte é exibido"
"Options.FirstPersonCameraContinued.FirstPersonCameraContinued.Mod.STOPSTRIPDISPLAYMODE[AutoHide]","Mostrar nas estações"
"Options.FirstPersonCameraContinued.FirstPersonCameraContinued.Mod.STOPSTRIPDISPLAYMODE[AlwaysShow]","Mostrar sempre"
"Options.OPTION:UseVanillaStopNames","Usar nomes de paragem originais"
"Options.OPTION_DESCRIPTION:UseVanillaStopNames","Quando não forem encontrados nomes definidos pelo utilizador, usar os nomes de paragem gerados pelo jogo com base no endereço (quando disponíveis) em vez dos nomes gerados pelo mod"
"FirstPersonCameraContinued.StopStripBuildingStopFormat","{STREET} {BUILDING}"
"FirstPersonCameraContinued.StopStripStationFormat","Estação {TYPE}"
"FirstPersonCameraContinued.FollowRandom","Seguir aleatório"
"FirstPersonCameraContinued.FollowRandom.Citizen","Cidadão"
"FirstPersonCameraContinued.FollowRandom.Vehicle","Veículo"
"FirstPersonCameraContinued.FollowRandom.Transit","Transporte público"
"FirstPersonCameraContinued.FollowRandom.Custom","Personalizado"
"FirstPersonCameraContinued.RandomFollow.CityServices","Serviços da cidade"
"FirstPersonCameraContinued.RandomFollow.PrivateTransport","Transporte privado"
"FirstPersonCameraContinued.RandomFollow.Creatures","Criaturas"
"FirstPersonCameraContinued.NoEntitiesFoundFor","Nenhuma entidade encontrada para"
"FirstPersonCameraContinued.NothingCheckedError","Seleciona pelo menos uma opção"
"FirstPersonCameraContinued.RandomFollow.Helicopter","Helicóptero"
"FirstPersonCameraContinued.RandomFollow.SelectAll","Selecionar tudo"
"FirstPersonCameraContinued.RandomFollow.DeselectAll","Desmarcar tudo"
"FirstPersonCameraContinued.RandomFollow.Start","Iniciar"
